{
  "name": "swade-hflof-css",
  "title": "SWADE Land of Fire Theme",
  "description": "<p>An Hellfrost Land Of Fire character sheet theme for SWADE</p>",
  "version": "1.0.3",
  "author": "Kyane, SalieriC",
  "systems": ["swade"],
  "scripts": [],
  "esmodules": [],
  "styles": ["swade_hflof.css"],
  "packs": [],
  "url": "https://github.com/Tenyryas/swade-hflof-css",
  "manifest": "https://raw.githubusercontent.com/Tenyryas/swade-hflof-css/master/module.json",
  "download": "https://github.com/Tenyryas/swade-hflof-css/raw/v1.0.3/swade-hflof-css.zip",
  "compatibleCoreVersion" : "0.7.5",
  "minimumCoreVersion": "0.6.6"
}